[
    {
        "id": "user-service",
        "predicates": [{
            "name": "Path",
            "args": {"_genkey_0":"/users/**", "_genkey_1":"/address"}
        }],
        "filters": [],
        "uri": "lb://user-service"
    },
    {
        "id": "product-service",
        "predicates": [{
            "name": "Path",
            "args": {"_genkey_0":"/products/**", "_genkey_1":"/categories/**", "_genkey_2":"/favorites/**", "_genkey_3":"/history/**", "_genkey_4":"/favorites/**"}
        }],
        "filters": [],
        "uri": "lb://product-service"
    },
    {
        "id": "order-service",
        "predicates": [{
            "name": "Path",
            "args": {"_genkey_0":"/orders/**"}
        }],
        "filters": [],
        "uri": "lb://order-service"
    },
    {
        "id": "payment-service",
        "predicates": [{
            "name": "Path",
            "args": {"_genkey_0":"/payment/**", "_genkey_1":"/alipay/**"}
        }],
        "filters": [],
        "uri": "lb://payment-service"
    },
    {
        "id": "message-service",
        "predicates": [{
            "name": "Path",
            "args": {"_genkey_0":"/messages/**", "_genkey_1":"/chat/**"}
        }],
        "filters": [],
        "uri": "lb://message-service"
    }
]